{
    "sad": 11.600000000000097,
    "surprise": 0.6000000000000002,
    "happy": 0.025
}