{
    "sad": 3.074999999999993,
    "happy": 0.07500000000000001,
    "fear": 0.15
}