{
    "sad": 6.675000000000027,
    "fear": 0.6250000000000002
}