{
    "sad": 4.699999999999999,
    "surprise": 0.9750000000000005,
    "happy": 0.025
}