{
    "surprise": 0.9750000000000005,
    "sad": 3.7749999999999906
}