{
    "sad": 6.200000000000021,
    "happy": 2.249999999999996,
    "fear": 0.4000000000000001
}