{
    "sad": 9.375000000000066,
    "fear": 1.6499999999999981,
    "happy": 0.24999999999999997
}