{
    "sad": 6.87500000000003,
    "happy": 0.7500000000000003
}