{
    "sad": 1.7499999999999978,
    "fear": 0.7500000000000003
}