{
    "sad": 4.950000000000003,
    "fear": 0.19999999999999998
}