{
    "fear": 0.19999999999999998,
    "sad": 2.274999999999996
}