{
    "sad": 11.250000000000092,
    "happy": 1.3499999999999992
}