{
    "sad": 16.950000000000106,
    "fear": 1.7999999999999976
}